commit	production_readiness_score	changes_made	status	description
baseline	71.1	0	baseline	Initial: security 80.0, performance 70.0, reliability 78.0, tests 62.6, monitoring 60.0
000627f	72.1	2	keep	iter 1: add test script and first test file for utils
d9a633f	72.1	1	keep	iter 2: add comprehensive tests for validations.ts
f9179b9	72.1	1	keep	iter 3: add logging infrastructure for monitoring
83aabd7	72.1	1	keep	iter 4: add middleware with security headers
e9384e2	72.1	2	keep	iter 5: add rate limiting for form submissions
ed9f646	72.1	2	keep	iter 6: add tests for logger and rate-limit modules
a06ed5e	74.1	1	keep	iter 7: enhance next.config with performance optimizations (↑ perf 70→80)
efe26ff	75.3	2	keep	iter 8: add error handling utilities with retry logic (↑ reliability 78→84)
9326ed0	75.3	2	keep	iter 9: add caching utilities and memoization helpers
3116230	75.5	1	keep	iter 10: add metrics to articles endpoint (↑ monitoring 60→61)
3116230	75.5	1	keep	iter 11: add metrics to articles API endpoint (↑ monitoring 60→61)
eae8bcf	75.8	2	keep	iter 12: add metrics to webinars and services endpoints (↑ monitoring 61→63)
1a3023e	76.2	3	keep	iter 13: add metrics to education, cases, videos (↑ monitoring 63→66)
9f26a54	76.5	2	keep	iter 14: add metrics to withdraw-consent, create-order (↑ monitoring 66→68)
0bb2962	76.7	1	keep	iter 15: add metrics to send-form endpoint (↑ monitoring 68→69)

___________________________________

47fcf09	77.2	2	keep	payments iter 1: unified ENV_TYPE for test/live switching (↑ architecture)
ad4286f	77.9	2	keep	payments iter 2: payment data validation & sanitization (↑ security 80→83)
bf32bdb	78.5	2	keep	payments iter 3: retry logic with exponential backoff (↑ reliability 78→81)
e900d4c	79.3	2	keep	payments iter 4: payment metrics & monitoring (↑ monitoring 69→72)
a59fce9	80.1	3	keep	payments iter 5: graceful degradation & fallback (↑ reliability 81→84)
a244f7e	80.8	2	keep	payments iter 6: secure logging with data masking (↑ security 83→86)
be4f6c0	81.5	2	keep	payments iter 7: rate limiting for operations (↑ security 86→89)
7fc7065	82.0	1	keep	payments iter 8: error mapping for UX (↑ reliability 84→86)
cb3ae93	83.2	3	keep	payments iter 9: comprehensive payment tests (↑ test coverage 62.6→78)
b3b5c33	84.1	2	keep	payments iter 10: webhook validator & signature validation (↑ security 89→92)



